DATE,UMCSENT,GDPC1,FEDFUNDS,SP500,PCE,CSUSHPINSA,ICSA,JTSJOR,UNRATE,CPIAUCSL,CPIAUCSL (T-1),CPIAUCSL (T-2),CPIAUCSL (T-3)
1984-01-01,100.1,2678.282,9.56,166.3929,2419.4,,1404000,,8,102.1,,,
1984-02-01,97.4,2678.282,9.59,157.2505,2403.5,,1357000,,7.8,102.6,,,
1984-03-01,101,2678.282,9.91,157.4386,2431.6,,1729000,,7.8,102.9,,,
1984-04-01,96.1,2724.557,10.29,157.6015,2457.5,,1477000,,7.7,103.3,,,
1984-05-01,98.1,2724.557,10.32,156.5509,2474.5,,1441000,,7.4,103.5,,,
1984-06-01,95.5,2724.557,11.06,153.1248,2495.6,,1807000,,7.2,103.7,,,
1984-07-01,96.6,2750.822,11.23,151.0781,2494.6,,1442000,,7.5,104.1,,,
1984-08-01,99.1,2750.822,11.64,164.4209,2512.2,,1558000,,7.5,104.4,,,
1984-09-01,100.9,2750.822,11.3,166.1126,2533.8,,1977000,,7.3,104.7,,,
1984-10-01,96.3,2773.4,9.99,164.8187,2531.3,,1677000,,7.4,105.1,,,
1984-11-01,95.7,2773.4,9.43,166.2719,2571.4,,1628000,,7.2,105.3,,,
1984-12-01,92.9,2773.4,8.38,164.48,2582.6,,1928000,,7.3,105.5,,,
1985-01-01,96,2800.273,8.35,171.6127,2618.8,,1483000,,7.3,105.7,,,
1985-02-01,93.7,2800.273,8.5,180.8847,2640.8,,1567000,,7.2,106.3,,,
1985-03-01,93.7,2800.273,8.58,179.42,2648.5,,1904000,,7.2,106.8,,,
1985-04-01,94.6,2824.929,8.27,180.6186,2659.5,,1593000,,7.3,107,,,
1985-05-01,91.8,2824.929,7.97,184.8991,2696.4,,1571000,,7.2,107.2,,,
1985-06-01,96.5,2824.929,7.53,188.886,2689.4,,1962000,,7.4,107.5,,,
1985-07-01,94,2868.073,7.88,192.5445,2715.7,,1513000,,7.4,107.7,,,
1985-08-01,92.4,2868.073,7.9,188.3064,2752.1,,2022000,,7.1,107.9,,,
1985-09-01,92.1,2868.073,7.92,184.2058,2794.7,,1634000,,7.1,108.1,,,
1985-10-01,88.4,2889.396,7.99,186.1804,2755.8,,1623000,,7.1,108.5,,,
1985-11-01,90.9,2889.396,8.05,197.4455,2771.1,,1967000,,7,109,,,
1985-12-01,93.9,2889.396,8.27,207.2576,2811.3,,1541000,,7,109.5,,,
1986-01-01,95.6,2916.376,8.14,208.1941,2827.1,,1467000,,6.7,109.9,,,
1986-02-01,95.9,2916.376,7.86,219.3653,2820.2,,1478000,,7.2,109.7,,,
1986-03-01,95.1,2916.376,7.48,232.327,2823.6,,1906000,,7.2,109.1,,,
1986-04-01,96.2,2929.508,6.99,237.9677,2835.2,,1543000,,7.1,108.7,,,
1986-05-01,94.8,2929.508,6.85,238.459,2857.5,,1930000,,7.2,109,,,
1986-06-01,99.3,2929.508,6.92,245.2957,2861.7,,1482000,,7.2,109.4,,,
1986-07-01,97.7,2957.534,6.56,240.18,2881.2,,1448000,,7,109.5,,,
1986-08-01,94.9,2957.534,6.17,245.001,2898.6,,2037000,,6.9,109.6,,,
1986-09-01,91.9,2957.534,5.89,238.269,2971.8,,1582000,,7,110,,,
1986-10-01,95.6,2973.398,5.85,237.3561,2932.9,,1533000,,7,110.2,,,
1986-11-01,91.4,2973.398,6.04,245.0926,2928.4,,1816000,,6.9,110.4,,,
1986-12-01,89.1,2973.398,6.91,248.6055,2997.1,,1433000,,6.6,110.8,,,
1987-01-01,90.4,2995.456,6.43,264.511,2935.5,63.734,1728000,,6.6,111.4,,,
1987-02-01,90.2,2995.456,6.1,280.9342,3001.7,64.133,1395000,,6.6,111.8,,,
1987-03-01,90.8,2995.456,6.13,292.4714,3013.3,64.468,1333000,,6.6,112.2,,,
1987-04-01,92.8,3027.752,6.37,289.3219,3038.8,64.971,1345000,,6.3,112.7,,,
1987-05-01,91.1,3027.752,6.85,289.1155,3048.4,65.545,1655000,,6.3,113,,,
1987-06-01,91.5,3027.752,6.73,301.3841,3072.8,66.217,1289000,,6.2,113.5,,,
1987-07-01,93.7,3054.008,6.58,310.0873,3094.7,66.785,1277000,,6.1,113.8,,,
1987-08-01,94.4,3054.008,6.73,329.3581,3130.8,67.269,1628000,,6,114.3,,,
1987-09-01,93.6,3054.008,7.22,318.661,3126.5,67.623,1239000,,5.9,114.7,,,
1987-10-01,89.3,3106.444,7.29,280.1641,3134.5,67.901,1500000,,6,115,,,
1987-11-01,83.1,3106.444,6.69,245.0085,3144.2,68.091,1227000,,5.8,115.4,,,
1987-12-01,86.8,3106.444,6.77,240.9559,3174.1,68.342,1275000,,5.7,115.6,,,
1988-01-01,90.8,3122.501,6.83,250.4765,3213.7,68.581,1678000,,5.7,116,,,
1988-02-01,91.6,3122.501,6.58,258.128,3221.4,68.914,1275000,,5.7,116.2,,,
1988-03-01,94.6,3122.501,6.58,265.7374,3260.5,69.322,1222000,,5.7,116.5,,,
1988-04-01,91.2,3163.531,6.87,262.6155,3263,69.787,1561000,,5.4,117.2,,,
1988-05-01,94.8,3163.531,7.09,256.1238,3293.6,70.408,1255000,,5.6,117.5,,,
1988-06-01,94.7,3163.531,7.51,270.6827,3318.5,71.067,1233000,,5.4,118,,,
1988-07-01,93.4,3182.069,7.75,269.0495,3342.7,71.685,1608000,,5.4,118.5,,,
1988-08-01,97.4,3182.069,8.01,263.7265,3368,72.185,1259000,,5.6,119,,,
1988-09-01,97.3,3182.069,8.19,267.97,3375,72.574,1218000,,5.4,119.5,,,
1988-10-01,94.1,3224.468,8.3,277.3957,3413.7,72.822,1457000,,5.4,119.9,,,
1988-11-01,93,3224.468,8.35,271.0243,3430.2,73.064,1162000,,5.3,120.3,,,
1988-12-01,91.9,3224.468,8.76,276.5148,3459.7,73.278,1466000,,5.3,120.7,,,
1989-01-01,97.9,3257.242,9.12,285.4138,3483.7,73.617,1159000,,5.4,121.2,,,
1989-02-01,95.4,3257.242,9.36,294.0111,3488,73.968,1215000,,5.2,121.6,,,
1989-03-01,94.3,3257.242,9.85,292.7132,3498.8,74.41,1288000,,5,122.2,,,
1989-04-01,91.5,3282.098,9.84,302.251,3543,74.867,1559000,,5.2,123.1,,,
1989-05-01,90.7,3282.098,9.81,313.93,3551.8,75.295,1298000,,5.2,123.7,,,
1989-06-01,90.6,3282.098,9.53,323.7277,3566.6,75.695,1332000,,5.3,124.1,,,
1989-07-01,92,3306.409,9.24,331.9265,3585.7,76.04,1708000,,5.2,124.5,,,
1989-08-01,89.6,3306.409,8.99,346.6078,3620.6,76.271,1338000,,5.2,124.5,,,
1989-09-01,95.8,3306.409,9.02,347.3295,3621.9,76.421,1680000,,5.3,124.8,,,
1989-10-01,93.9,3312.922,8.84,347.3973,3633.6,76.488,1453000,,5.3,125.4,,,
1989-11-01,90.9,3312.922,8.55,340.219,3643.3,76.521,1347000,,5.4,125.9,,,
1989-12-01,90.5,3312.922,8.45,348.572,3684.2,76.498,1776000,,5.4,126.3,,,
1990-01-01,93,3349.129,8.23,339.9718,3730.7,76.527,1444000,,5.4,127.5,,,
1990-02-01,89.5,3349.129,8.24,330.4526,3728.2,76.587,1433000,,5.3,128,,,
1990-03-01,91.3,3349.129,8.28,338.465,3754.9,76.79,1726000,,5.2,128.6,,,
1990-04-01,93.9,3361.285,8.26,338.178,3770,77.038,1447000,,5.4,128.9,,,
1990-05-01,90.6,3361.285,8.18,350.25,3775.8,77.296,1421000,,5.4,129.1,,,
1990-06-01,88.3,3361.285,8.29,360.3867,3804.5,77.504,1812000,,5.2,129.9,,,
1990-07-01,88.2,3363.523,8.15,360.031,3821.7,77.56,1468000,,5.5,130.5,,,
1990-08-01,76.4,3363.523,8.13,330.7465,3848.3,77.479,1537000,,5.7,131.6,,,
1990-09-01,72.8,3363.523,8.2,315.4068,3870.1,77.228,1970000,,5.9,132.5,,,
1990-10-01,63.9,3332.901,8.11,307.1248,3870.6,76.912,1701000,,5.9,133.4,,,
1990-11-01,66,3332.901,7.81,315.291,3871.9,76.381,1787000,,6.2,133.7,,,
1990-12-01,65.5,3332.901,7.31,328.7495,3861.3,75.972,2275000,,6.3,134.2,,,
1991-01-01,66.8,3317.305,6.91,325.4855,3841,75.533,1759000,,6.4,134.7,,,
1991-02-01,70.4,3317.305,6.25,362.2632,3866.7,75.249,1936000,,6.6,134.8,,,
1991-03-01,87.7,3317.305,6.12,372.279,3913,75.136,2493000,,6.8,134.8,,,
1991-04-01,81.8,3343.17,5.91,379.6786,3907.1,75.315,1869000,,6.7,135.1,,,
1991-05-01,78.3,3343.17,5.78,377.9923,3933.2,75.767,1788000,,6.9,135.6,,,
1991-06-01,82.1,3343.17,5.9,378.293,3940.5,76.251,2143000,,6.9,136,,,
1991-07-01,82.9,3360.065,5.82,380.2268,3966,76.516,1673000,,6.8,136.2,,,
1991-08-01,82,3360.065,5.66,389.4032,3969.1,76.593,2158000,,6.9,136.6,,,
1991-09-01,83,3360.065,5.45,387.1985,3984.7,76.574,1698000,,6.9,137,,,
1991-10-01,78.3,3371.776,5.21,386.8835,3976,76.29,1691000,,7,137.2,,,
1991-11-01,69.1,3371.776,4.81,385.9195,4003.6,76.03,2227000,,7,137.8,,,
1991-12-01,68.2,3371.776,4.43,388.5105,4020.5,75.844,1827000,,7.3,138.2,,,
1992-01-01,67.5,3412.145,4.03,416.075,4084.7,75.7,1756000,,7.3,138.3,,,
1992-02-01,68.8,3412.145,4.06,412.5558,4099.5,75.655,2211000,,7.4,138.6,,,
1992-03-01,76,3412.145,3.98,407.3645,4117,75.814,1718000,,7.4,139.1,,,
1992-04-01,77.2,3449.143,3.73,407.4071,4131.5,76.08,1673000,,7.4,139.4,,,
1992-05-01,79.2,3449.143,3.82,414.8145,4158.4,76.398,2087000,,7.6,139.7,,,
1992-06-01,80.4,3449.143,3.76,408.2745,4177.1,76.602,1675000,,7.8,140.1,,,
1992-07-01,76.6,3483.224,3.25,415.0514,4204.8,76.711,1771000,,7.7,140.5,,,
1992-08-01,76.1,3483.224,3.3,417.9271,4220.9,76.731,2036000,,7.6,140.8,,,
1992-09-01,75.6,3483.224,3.22,418.4771,4255.3,76.628,1668000,,7.6,141.1,,,
1992-10-01,73.3,3519.549,3.1,412.5027,4284.7,76.598,1889000,,7.3,141.7,,,
1992-11-01,85.3,3519.549,3.09,422.844,4300.5,76.579,1449000,,7.4,142.1,,,
1992-12-01,91,3519.549,2.92,435.6395,4336.4,76.464,1356000,,7.4,142.3,,,
1993-01-01,89.3,3525.425,3.02,435.229,4340.7,76.395,1728000,,7.3,142.8,,,
1993-02-01,86.6,3525.425,3.03,441.7037,4355.3,76.328,1353000,,7.1,143.1,,,
1993-03-01,85.9,3525.425,3.07,450.1552,4352.5,76.383,1404000,,7,143.3,,,
1993-04-01,85.6,3545.949,2.96,443.0776,4393.4,76.66,1419000,,7.1,143.8,,,
1993-05-01,80.3,3545.949,3,445.2465,4422.4,77.03,1718000,,7.1,144.2,,,
1993-06-01,81.5,3545.949,3.04,448.0595,4440,77.516,1371000,,7,144.3,,,
1993-07-01,77,3562.869,3.06,447.2862,4468.9,77.885,1754000,,6.9,144.5,,,
1993-08-01,77.3,3562.869,3.03,454.1277,4481.1,78.131,1364000,,6.8,144.8,,,
1993-09-01,77.9,3562.869,3.09,459.2352,4511.5,78.198,1356000,,6.7,145,,,
1993-10-01,82.7,3611.329,2.99,463.9,4532.8,78.172,1749000,,6.8,145.6,,,
1993-11-01,81.2,3611.329,3.02,462.8905,4554.1,78.17,1364000,,6.6,146,,,
1993-12-01,88.2,3611.329,2.96,465.9455,4571.1,78.113,1292000,,6.5,146.3,,,
1994-01-01,94.3,3646.372,3.05,472.9929,4585.1,78.199,1796000,,6.6,146.3,,,
1994-02-01,93.2,3646.372,3.25,471.58,4632.6,78.205,1394000,,6.6,146.7,,,
1994-03-01,91.5,3646.372,3.34,463.8078,4646,78.349,1343000,,6.5,147.1,,,
1994-04-01,92.6,3695.787,3.56,447.2321,4671.1,78.701,1720000,,6.4,147.2,,,
1994-05-01,92.8,3695.787,4.01,450.8986,4669.5,79.208,1436000,,6.1,147.5,,,
1994-06-01,91.2,3695.787,4.25,454.8259,4708.9,79.7,1360000,,6.1,147.9,,,
1994-07-01,89,3717.392,4.26,451.401,4720.6,80.062,1711000,,6.1,148.4,,,
1994-08-01,91.7,3717.392,4.47,464.243,4762.6,80.316,1345000,,6,149,,,
1994-09-01,91.5,3717.392,4.73,466.9581,4775,80.34,1321000,,5.9,149.3,,,
1994-10-01,92.7,3759.977,4.76,463.8138,4812.9,80.304,1667000,,5.8,149.4,,,
1994-11-01,91.6,3759.977,5.29,461.0152,4825.6,80.17,1312000,,5.6,149.8,,,
1994-12-01,95.1,3759.977,5.45,455.1867,4841.6,80.078,1616000,,5.5,150.1,,,
1995-01-01,97.6,3773.317,5.53,465.25,4851.2,80.027,1334000,,5.6,150.5,,,
1995-02-01,95.1,3773.317,5.92,481.9247,4850.8,79.992,1351000,,5.4,150.9,,,
1995-03-01,90.3,3773.317,5.98,493.153,4885.4,80.077,1361000,,5.4,151.2,,,
1995-04-01,92.5,3784.574,6.05,507.9058,4890.2,80.369,1751000,,5.8,151.8,,,
1995-05-01,89.8,3784.574,6.01,523.8136,4933.1,80.69,1481000,,5.6,152.1,,,
1995-06-01,92.7,3784.574,6,539.3541,4977.5,81.068,1465000,,5.6,152.4,,,
1995-07-01,94.4,3816.77,5.85,557.3665,4970.2,81.412,1857000,,5.7,152.6,,,
1995-08-01,96.2,3816.77,5.74,559.11,5005.3,81.654,1425000,,5.7,152.9,,,
1995-09-01,88.9,3816.77,5.8,578.7655,5020.5,81.738,1810000,,5.6,153.1,,,
1995-10-01,90.2,3842.689,5.76,582.9182,5013.9,81.727,1486000,,5.5,153.5,,,
1995-11-01,88.2,3842.689,5.8,595.5324,5055.6,81.631,1508000,,5.6,153.7,,,
1995-12-01,91,3842.689,5.6,614.571,5097.5,81.513,1825000,,5.6,153.9,,,
1996-01-01,89.3,3871.473,5.56,614.42,5085.7,81.427,1496000,,5.6,154.7,,,
1996-02-01,88.5,3871.473,5.22,649.542,5132.8,81.399,1509000,,5.5,155,,,
1996-03-01,93.7,3871.473,5.31,647.0748,5173.3,81.665,1932000,,5.5,155.5,,,
1996-04-01,92.7,3936.047,5.22,647.1729,5208,82.124,1437000,,5.6,156.1,,,
1996-05-01,89.4,3936.047,5.24,661.2305,5223.8,82.602,1378000,,5.6,156.4,,,
1996-06-01,92.4,3936.047,5.27,668.499,5229.8,83.048,1711000,,5.3,156.7,,,
1996-07-01,94.7,3971.354,5.4,644.0705,5251.9,83.418,1348000,,5.5,157,,,
1996-08-01,95.3,3971.354,5.22,662.6823,5275,83.645,1659000,,5.1,157.2,,,
1996-09-01,94.7,3971.354,5.3,674.8855,5296.6,83.702,1371000,,5.2,157.7,,,
1996-10-01,96.5,4012.592,5.24,701.4557,5328.5,83.629,1356000,,5.2,158.2,,,
1996-11-01,99.2,4012.592,5.31,735.669,5351.2,83.556,1682000,,5.4,158.7,,,
1996-12-01,96.9,4012.592,5.29,743.249,5378.6,83.49,1414000,,5.4,159.1,,,
1997-01-01,97.4,4038.491,5.25,766.2168,5411.1,83.53,1356000,,5.3,159.4,,,
1997-02-01,99.7,4038.491,5.19,798.3842,5434,83.597,1283000,,5.2,159.7,,,
1997-03-01,100,4038.491,5.39,792.1555,5454.2,83.911,1597000,,5.2,159.8,,,
1997-04-01,101.4,4105.74,5.51,763.9282,5459.3,84.321,1308000,,5.1,159.9,,,
1997-05-01,103.2,4105.74,5.5,833.0914,5460.2,84.865,1619000,,4.9,159.9,,,
1997-06-01,104.5,4105.74,5.56,876.2862,5494.2,85.398,1302000,,5,160.2,,,
1997-07-01,107.1,4157.003,5.52,925.2945,5548.8,85.841,1281000,,4.9,160.4,,,
1997-08-01,104.4,4157.003,5.54,927.7357,5587,86.15,1651000,,4.8,160.8,,,
1997-09-01,106,4157.003,5.54,937.0243,5601.7,86.311,1261000,,4.9,161.2,,,
1997-10-01,105.6,4192.498,5.5,951.1596,5637.7,86.408,1240000,,4.7,161.5,,,
1997-11-01,107.2,4192.498,5.52,938.9237,5661.1,86.632,1573000,,4.6,161.7,,,
1997-12-01,102.1,4192.498,5.5,962.3655,5692.1,86.848,1253000,,4.7,161.8,,,
1998-01-01,106.6,4234.581,5.56,963.359,5689.9,87.163,1606000,,4.6,162,,,
1998-02-01,110.4,4234.581,5.51,1023.742,5723.8,87.373,1276000,,4.6,162,,,
1998-03-01,106.5,4234.581,5.49,1076.828,5750.3,87.877,1260000,,4.7,162,,,
1998-04-01,108.7,4273.78,5.45,1112.196,5788.1,88.558,1244000,,4.3,162.2,,,
1998-05-01,106.5,4273.78,5.49,1108.417,5837.9,89.374,1556000,,4.4,162.6,,,
1998-06-01,105.6,4273.78,5.56,1108.39,5871.7,90.195,1352000,,4.5,162.8,,,
1998-07-01,105.2,4327.584,5.54,1156.577,5890,90.859,1332000,,4.5,163.2,,,
1998-08-01,104.4,4327.584,5.55,1074.62,5925,91.407,1563000,,4.5,163.4,,,
1998-09-01,100.9,4327.584,5.51,1020.64,5965.6,91.752,1216000,,4.6,163.5,,,
1998-10-01,97.4,4397.223,5.07,1032.47,5998.8,91.999,1553000,,4.5,163.9,,,
1998-11-01,102.7,4397.223,4.83,1144.433,6015.4,92.197,1264000,,4.4,164.1,,,
1998-12-01,100.5,4397.223,4.68,1190.051,6070.5,92.443,1264000,,4.4,164.4,,,
1999-01-01,103.9,4438.532,4.63,1248.775,6073.9,92.714,1631000,,4.3,164.7,,,
1999-02-01,108.1,4438.532,4.76,1246.582,6099.2,92.981,1206000,,4.4,164.7,,,
1999-03-01,105.7,4438.532,4.81,1281.664,6133,93.611,1211000,,4.2,164.8,,,
1999-04-01,104.6,4475.583,4.74,1334.757,6199.5,94.436,1234000,,4.3,165.9,,,
1999-05-01,106.8,4475.583,4.74,1332.074,6232.1,95.36,1508000,,4.2,166,,,
1999-06-01,107.3,4475.583,4.76,1322.553,6260.3,96.364,1176000,,4.3,166,,,
1999-07-01,106,4534.924,4.99,1380.99,6287.6,97.192,1490000,,4.3,166.7,,,
1999-08-01,104.5,4534.924,5.07,1327.489,6331.9,97.898,1163000,,4.2,167.1,,,
1999-09-01,107.2,4534.924,5.22,1318.172,6386.5,98.4,1158000,,4.2,167.8,,,
1999-10-01,103.2,4609.327,5.2,1300.01,6411.4,98.832,1452000,,4.1,168.1,,,
1999-11-01,107.2,4609.327,5.42,1391.003,6448.7,99.148,1127000,,4.1,168.4,,,
1999-12-01,105.4,4609.327,5.3,1428.684,6541,99.542,1114000,,4,168.8,,,
2000-01-01,112,4626.049,5.45,1425.586,6542.9,100,1442000,,4,169.3,,,
2000-02-01,111.3,4626.049,5.73,1388.874,6625.3,100.571,1175000,,4.1,170,,,
2000-03-01,107.1,4626.049,5.85,1442.213,6686.5,101.466,1099000,,4,171,,,
2000-04-01,109.2,4710.303,6.02,1461.355,6679.1,102.541,1358000,,3.8,170.9,,,
2000-05-01,110.7,4710.303,6.27,1418.48,6709.7,103.702,1129000,,4,171.2,,,
2000-06-01,106.4,4710.303,6.53,1461.959,6746.9,104.856,1164000,,4,172.2,,,
2000-07-01,108.3,4715.104,6.54,1473.002,6768.5,105.722,1475000,,4,172.7,,,
2000-08-01,107.3,4715.104,6.5,1485.458,6802.8,106.522,1251000,,4.1,172.7,,,
2000-09-01,106.8,4715.104,6.52,1468.054,6888.6,107.136,1501000,,3.9,173.6,,,
2000-10-01,105.8,4743.255,6.51,1390.144,6893.8,107.729,1204000,,3.9,173.9,,,
2000-11-01,107.6,4743.255,6.51,1375.038,6909.8,108.292,1337000,,3.9,174.2,,,
2000-12-01,98.4,4743.255,6.4,1330.929,6952.2,108.792,1730000,3.7,3.9,174.6,,,
2001-01-01,94.7,4727.707,5.98,1335.639,6987.4,109.215,1360000,3.8,4.2,175.6,,,
2001-02-01,90.6,4727.707,5.49,1305.752,7001.8,109.643,1485000,3.7,4.2,176,,,
2001-03-01,91.5,4727.707,5.31,1185.85,6996.7,110.395,1936000,3.5,4.3,176.1,,,
2001-04-01,88.4,4757.231,4.8,1189.837,7004.2,111.248,1587000,3.4,4.4,176.4,,,
2001-05-01,92,4757.231,4.21,1270.369,7052.8,112.203,1578000,3.2,4.3,177.3,,,
2001-06-01,92.6,4757.231,3.97,1238.71,7069.7,113.273,1986000,3.2,4.5,177.7,,,
2001-07-01,92.4,4738.172,3.77,1204.45,7082.3,114.227,1592000,3.3,4.6,177.4,,,
2001-08-01,91.5,4738.172,3.65,1178.504,7121.7,114.989,1592000,3,4.9,177.4,,,
2001-09-01,81.8,4738.172,3.07,1044.644,7007,115.466,2175000,3,5,178.1,,,
2001-10-01,82.7,4751.191,2.49,1076.59,7212.9,115.681,1923000,2.7,5.3,177.6,,,
2001-11-01,83.9,4751.191,2.09,1129.683,7182.3,115.838,1790000,2.8,5.5,177.5,,,
2001-12-01,88.8,4751.191,1.82,1144.93,7166.7,116.055,2084000,2.7,5.7,177.4,,,
2002-01-01,93,4790.928,1.73,1140.208,7184.6,116.437,1634000,2.7,5.7,177.7,,,
2002-02-01,90.7,4790.928,1.74,1100.669,7225.2,116.917,1596000,2.6,5.7,178,,,
2002-03-01,95.7,4790.928,1.73,1153.791,7243.4,117.929,2077000,2.7,5.7,178.5,,,
2002-04-01,93,4820.283,1.75,1112.035,7312.5,119.209,1717000,2.6,5.9,179.3,,,
2002-05-01,96.9,4820.283,1.75,1079.267,7288.9,120.788,1636000,2.6,5.8,179.5,,,
2002-06-01,92.4,4820.283,1.75,1014.048,7322.5,122.334,1936000,2.5,5.8,179.6,,,
2002-07-01,88.1,4839.878,1.73,903.5855,7387.3,123.688,1544000,2.5,5.8,180,,,
2002-08-01,87.6,4839.878,1.74,912.5523,7412.6,124.731,1968000,2.6,5.7,180.5,,,
2002-09-01,86.1,4839.878,1.75,867.812,7391.5,125.495,1638000,2.5,5.7,180.8,,,
2002-10-01,80.6,4845.86,1.75,854.6313,7435.2,126.138,1630000,2.6,5.7,181.2,,,
2002-11-01,84.2,4845.86,1.34,909.927,7463.8,126.643,1961000,2.6,5.9,181.5,,,
2002-12-01,86.7,4845.86,1.24,899.1786,7519.9,127.151,1657000,2.4,6,181.8,,,
2003-01-01,82.4,4871.38,1.24,895.8362,7541.3,127.652,1580000,2.6,5.8,182.6,,,
2003-02-01,79.9,4871.38,1.26,837.619,7548.6,128.326,1644000,2.4,5.9,183.6,,,
2003-03-01,77.6,4871.38,1.25,846.6214,7611.5,129.309,2137000,2.3,5.9,183.9,,,
2003-04-01,86,4914.522,1.26,890.0257,7634.5,130.489,1745000,2.3,6,183.2,,,
2003-05-01,92.1,4914.522,1.26,935.9629,7650.3,131.84,2120000,2.5,6.1,182.9,,,
2003-06-01,89.7,4914.522,1.22,987.9952,7699.6,133.226,1687000,2.5,6.3,183.1,,,
2003-07-01,90.9,4996.261,1.01,992.5409,7757,134.647,1646000,2.2,6.2,183.7,,,
2003-08-01,89.3,4996.261,1.03,989.5319,7852.1,135.966,2001000,2.4,6.1,184.5,,,
2003-09-01,87.7,4996.261,1.01,1019.442,7853.7,137.077,1582000,2.3,6.1,185.1,,,
2003-10-01,89.6,5054.253,1.01,1038.734,7867.4,137.977,1528000,2.5,6,184.9,,,
2003-11-01,93.7,5054.253,1,1049.899,7922.6,138.767,1815000,2.5,5.8,185,,,
2003-12-01,92.6,5054.253,0.98,1080.636,7950.4,139.629,1433000,2.5,5.7,185.5,,,
2004-01-01,103.8,5082.893,1,1132.517,8007.1,140.706,1801000,2.6,5.7,186.3,,,
2004-02-01,94.4,5082.893,1.01,1143.356,8040.4,142.028,1443000,2.6,5.6,186.7,,,
2004-03-01,95.8,5082.893,1,1123.978,8098.8,144.08,1368000,2.6,5.8,187.1,,,
2004-04-01,94.2,5122.283,1,1133.079,8107.2,146.18,1393000,2.6,5.6,187.4,,,
2004-05-01,90.2,5122.283,1,1102.782,8176.5,148.336,1681000,2.7,5.6,188.2,,,
2004-06-01,95.6,5122.283,1.03,1132.757,8157.6,150.52,1396000,2.5,5.6,188.9,,,
2004-07-01,96.7,5170.873,1.26,1105.847,8236.9,152.339,1715000,2.8,5.5,189.1,,,
2004-08-01,95.9,5170.873,1.43,1088.935,8271.6,153.816,1363000,2.6,5.4,189.2,,,
2004-09-01,94.2,5170.873,1.61,1117.656,8341.5,155.11,1349000,2.8,5.4,189.8,,,
2004-10-01,91.7,5223.627,1.76,1118.068,8397.1,156.3,1670000,2.9,5.5,190.8,,,
2004-11-01,92.8,5223.627,1.93,1168.938,8444.5,157.498,1315000,2.6,5.4,191.7,,,
2004-12-01,97.1,5223.627,2.16,1199.21,8504.4,158.672,1301000,3,5.4,191.7,,,
2005-01-01,95.5,5281.576,2.28,1181.408,8497.7,160.131,1717000,2.8,5.3,191.6,,,
2005-02-01,94.1,5281.576,2.5,1199.627,8559.1,161.925,1247000,2.9,5.4,192.4,,,
2005-03-01,92.6,5281.576,2.63,1194.898,8598.4,164.577,1328000,2.9,5.2,193.1,,,
2005-04-01,87.7,5307.594,2.79,1164.428,8678.4,167.001,1616000,3,5.2,193.7,,,
2005-05-01,86.9,5307.594,3,1178.276,8671.6,169.546,1308000,2.8,5.1,193.6,,,
2005-06-01,96,5307.594,3.04,1202.253,8753.4,172.017,1303000,2.9,5,193.7,,,
2005-07-01,96.5,5349.196,3.26,1222.237,8853.8,174.099,1622000,3.1,5,194.9,,,
2005-08-01,89.1,5349.196,3.5,1224.27,8850.1,175.924,1263000,3,4.9,196.1,,,
2005-09-01,76.9,5349.196,3.62,1225.915,8900.4,177.612,1531000,3.1,5,198.8,,,
2005-10-01,74.2,5378.911,3.78,1191.964,8938.5,178.753,1761000,3,5,199.1,,,
2005-11-01,81.6,5378.911,4,1237.369,8946.2,179.675,1269000,3.1,5,198.1,,,
2005-12-01,91.5,5378.911,4.16,1262.072,8981.1,180.108,1582000,3.1,4.9,198.1,,,
2006-01-01,91.2,5451.278,4.29,1278.722,9071.6,180.829,1183000,3.1,4.7,199.3,,,
2006-02-01,86.7,5451.278,4.49,1276.645,9096,181.501,1163000,3.1,4.8,199.4,,,
2006-03-01,88.9,5451.278,4.59,1293.735,9132.9,182.75,1207000,3.4,4.7,199.7,,,
2006-04-01,87.4,5465.384,4.79,1302.165,9191.6,183.649,1518000,3.4,4.7,200.7,,,
2006-05-01,79.1,5465.384,4.94,1290.014,9231.8,184.38,1331000,3.2,4.6,201.3,,,
2006-06-01,84.9,5465.384,4.99,1253.168,9259.6,184.547,1222000,3.3,4.6,201.8,,,
2006-07-01,84.7,5473.579,5.24,1260.235,9343.8,184.608,1594000,3.1,4.7,202.9,,,
2006-08-01,82,5473.579,5.25,1287.15,9342.2,184.405,1257000,3.3,4.7,203.8,,,
2006-09-01,85.4,5473.579,5.25,1317.743,9375.4,184.198,1581000,3.3,4.5,202.8,,,
2006-10-01,93.6,5520.622,5.25,1363.377,9393.6,184.054,1262000,3.2,4.4,201.9,,,
2006-11-01,92.1,5520.622,5.25,1388.635,9400.2,183.632,1305000,3.3,4.5,202,,,
2006-12-01,91.7,5520.622,5.24,1416.42,9488.3,183.23,1620000,3.3,4.4,203.1,,,
2007-01-01,96.9,5537.23,5.25,1424.161,9538.7,182.719,1269000,3.3,4.6,203.437,,,
2007-02-01,91.3,5537.23,5.26,1444.795,9566,182.471,1291000,3.3,4.5,204.226,,,
2007-03-01,88.4,5537.23,5.26,1406.952,9611.7,182.194,1547000,3.5,4.4,205.288,,,
2007-04-01,87.1,5571.105,5.25,1463.641,9643.6,182.132,1281000,3.3,4.5,205.904,,,
2007-05-01,88.3,5571.105,5.25,1511.137,9685.8,181.886,1217000,3.3,4.4,206.755,,,
2007-06-01,85.3,5571.105,5.25,1514.49,9706.8,181.541,1576000,3.4,4.6,207.234,,,
2007-07-01,90.4,5603.196,5.26,1520.705,9751.1,180.994,1253000,3.2,4.7,207.603,,,
2007-08-01,83.4,5603.196,5.02,1454.617,9798.9,180.235,1280000,3.2,4.6,207.667,,,
2007-09-01,83.4,5603.196,4.94,1497.116,9845.1,179.122,1567000,3.3,4.7,208.547,,,
2007-10-01,80.9,5638.397,4.76,1539.659,9882.7,177.53,1313000,3.2,4.7,209.19,,,
2007-11-01,76.1,5638.397,4.49,1463.385,9955.9,175.162,1344000,3.3,4.7,210.834,,,
2007-12-01,75.5,5638.397,4.24,1479.223,9972.8,173.338,1741000,3.2,5,211.445,,,
2008-01-01,78.4,5614.334,3.94,1378.764,9996.4,171.077,1355000,3.2,5,212.174,,,
2008-02-01,70.8,5614.334,2.98,1354.873,9981.7,169.19,1387000,3,4.9,212.687,,,
2008-03-01,69.5,5614.334,2.61,1316.943,10035.3,167.903,1817000,3,5.1,213.448,,,
2008-04-01,62.6,5647.764,2.28,1370.469,10070.3,167.323,1438000,2.8,5,213.942,,,
2008-05-01,59.8,5647.764,1.98,1403.218,10132.3,167.021,1834000,3,5.4,215.208,,,
2008-06-01,56.4,5647.764,2,1341.251,10187.1,166.538,1533000,2.7,5.6,217.463,,,
2008-07-01,61.2,5618.098,2.01,1257.326,10185.1,165.714,1592000,2.7,5.8,219.016,,,
2008-08-01,63,5618.098,2,1281.472,10175.7,164.279,2165000,2.6,6.1,218.69,,,
2008-09-01,70.3,5618.098,1.81,1217.023,10116.4,161.913,1856000,2.3,6.1,218.877,,,
2008-10-01,57.6,5495.117,0.97,968.8009,10034.1,159.164,1901000,2.4,6.5,216.995,,,
2008-11-01,55.3,5495.117,0.39,883.0405,9885.2,156.072,2599000,2.3,6.8,213.153,,,
2008-12-01,60.1,5495.117,0.16,877.5618,9801.5,152.545,2256000,2.3,7.3,211.398,,,
2009-01-01,61.2,5432.754,0.15,865.5755,9847.2,149.362,2860000,2,7.8,211.933,,,
2009-02-01,56.3,5432.754,0.22,805.2274,9824.5,147.618,2576000,2.1,8.3,212.705,,,
2009-03-01,57.3,5432.754,0.18,757.1268,9773.2,146.515,2637000,1.9,8.7,212.495,,,
2009-04-01,65.1,5423.048,0.15,848.1519,9772.5,146.943,2511000,1.7,9,212.709,,,
2009-05-01,68.7,5423.048,0.18,902.4085,9791.6,148.17,3060000,1.9,9.4,213.022,,,
2009-06-01,70.8,5423.048,0.21,926.115,9852.4,149.797,2393000,1.9,9.5,214.79,,,
2009-07-01,66,5442.094,0.16,935.8214,9886.3,150.749,2266000,1.7,9.5,214.726,,,
2009-08-01,65.7,5442.094,0.16,1009.725,10004.1,150.669,2796000,1.8,9.6,215.445,,,
2009-09-01,73.5,5442.094,0.15,1044.552,9927.8,149.629,2190000,1.9,9.8,215.861,,,
2009-10-01,70.6,5500.918,0.12,1067.664,9976.7,148.586,2627000,1.8,10,216.509,,,
2009-11-01,67.4,5500.918,0.12,1088.069,9985.7,147.941,1976000,1.9,9.9,217.234,,,
2009-12-01,72.5,5500.918,0.12,1110.378,10052.6,146.666,1942000,1.9,9.9,217.347,,,
2010-01-01,74.4,5527.57,0.11,1123.582,10056.1,145.003,2399000,2.1,9.8,217.488,,,
2010-02-01,73.6,5527.57,0.13,1089.16,10093.4,143.054,1943000,2,9.8,217.281,,,
2010-03-01,73.6,5527.57,0.16,1152.049,10156,143.596,1881000,2,9.9,217.353,,,
2010-04-01,72.2,5581.054,0.2,1197.316,10182.3,145.402,1876000,2.4,9.9,217.403,,,
2010-05-01,73.6,5581.054,0.2,1125.062,10210.8,147.038,2297000,2.2,9.6,217.29,,,
2010-06-01,76,5581.054,0.18,1083.361,10231.3,147.703,1842000,2.1,9.4,217.199,,,
2010-07-01,67.8,5624.089,0.18,1079.803,10268.1,147.563,2296000,2.3,9.4,217.605,,,
2010-08-01,68.9,5624.089,0.19,1087.282,10307.1,146.427,1900000,2.2,9.5,217.923,,,
2010-09-01,68.2,5624.089,0.19,1122.082,10327.1,144.607,1814000,2.2,9.5,218.275,,,
2010-10-01,67.7,5653.621,0.19,1171.584,10386.4,143.128,2234000,2.4,9.4,219.035,,,
2010-11-01,71.6,5653.621,0.19,1198.889,10433.6,141.818,1705000,2.4,9.8,219.59,,,
2010-12-01,74.5,5653.621,0.18,1241.525,10471,140.627,1681000,2.3,9.3,220.472,,,
2011-01-01,74.2,5640.211,0.17,1282.618,10514.3,139.035,2134000,2.3,9.1,221.187,,,
2011-02-01,77.5,5640.211,0.16,1321.118,10540.6,137.73,1606000,2.4,9,221.898,,,
2011-03-01,67.5,5640.211,0.14,1304.487,10619.7,137.784,1624000,2.4,9,223.046,,,
2011-04-01,69.8,5678.371,0.1,1331.505,10652.1,139.157,2103000,2.4,9.1,224.093,,,
2011-05-01,74.3,5678.371,0.09,1338.31,10672.2,140.691,1690000,2.4,9,224.806,,,
2011-06-01,71.5,5678.371,0.09,1287.289,10694.8,141.944,1673000,2.6,9.1,224.806,,,
2011-07-01,63.7,5677.104,0.07,1325.185,10731.6,142.341,2063000,2.7,9,225.395,,,
2011-08-01,55.8,5677.104,0.1,1185.306,10750.3,141.784,1638000,2.5,9,226.106,,,
2011-09-01,59.5,5677.104,0.08,1173.879,10783.2,140.166,1671000,2.8,9,226.597,,,
2011-10-01,60.8,5740.861,0.07,1207.216,10802.9,138.407,2012000,2.7,8.8,226.75,,,
2011-11-01,63.7,5740.861,0.08,1226.415,10806.8,136.662,1557000,2.6,8.6,227.169,,,
2011-12-01,69.9,5740.861,0.07,1243.323,10817.8,135.164,1885000,2.8,8.5,227.223,,,
2012-01-01,75,5789.003,0.08,1300.578,10896.8,134.165,1511000,2.8,8.3,227.842,,,
2012-02-01,75.3,5789.003,0.1,1352.488,10987.2,133.994,1453000,2.6,8.3,228.329,,,
2012-03-01,76.2,5789.003,0.13,1389.24,10993.9,135.862,1833000,2.9,8.2,228.807,,,
2012-04-01,76.4,5814.842,0.14,1386.429,11018.5,138.467,1527000,2.8,8.2,229.187,,,
2012-05-01,79.3,5814.842,0.16,1341.273,11006.8,141.044,1494000,2.8,8.2,228.713,,,
2012-06-01,73.2,5814.842,0.16,1323.484,10989.8,143.166,1896000,2.8,8.2,228.524,,,
2012-07-01,72.3,5823.217,0.16,1359.776,11016.8,144.281,1490000,2.7,8.2,228.59,,,
2012-08-01,74.3,5823.217,0.13,1403.448,11056,144.704,1493000,2.8,8.1,229.918,,,
2012-09-01,78.3,5823.217,0.14,1443.419,11105.3,144.355,1909000,2.8,7.8,231.015,,,
2012-10-01,82.6,5829.951,0.16,1437.817,11137.4,143.963,1474000,2.7,7.8,231.638,,,
2012-11-01,82.7,5829.951,0.16,1394.512,11178.4,143.955,1605000,2.8,7.7,231.249,,,
2012-12-01,72.9,5829.951,0.16,1422.285,11181.2,143.862,1795000,2.9,7.9,231.221,,,
2013-01-01,73.8,5887.467,0.14,1480.395,11252.4,144.308,1412000,2.8,8,231.679,,,
2013-02-01,77.6,5887.467,0.15,1512.312,11290.5,145.16,1412000,2.9,7.7,232.937,,,
2013-03-01,78.6,5887.467,0.14,1550.829,11290.1,147.96,1759000,2.9,7.5,232.282,,,
2013-04-01,76.4,5903.224,0.15,1570.702,11281.1,150.969,1389000,2.9,7.6,231.797,,,
2013-05-01,84.5,5903.224,0.11,1639.843,11321.6,153.858,1391000,3,7.5,231.893,,,
2013-06-01,84.1,5903.224,0.09,1618.773,11344.4,156.425,1723000,3,7.5,232.445,,,
2013-07-01,85.1,5953.483,0.09,1668.675,11372.6,158.284,1384000,2.8,7.3,232.9,,,
2013-08-01,82.1,5953.483,0.08,1670.094,11406.6,159.391,1667000,2.9,7.2,233.456,,,
2013-09-01,77.5,5953.483,0.08,1687.174,11445.9,159.669,1256000,2.9,7.2,233.544,,,
2013-10-01,73.2,6005.382,0.09,1720.027,11498,159.554,1434000,3,7.2,233.669,,,
2013-11-01,75.1,6005.382,0.08,1783.541,11562.5,159.362,1641000,2.9,6.9,234.1,,,
2013-12-01,82.5,6005.382,0.09,1807.775,11593.2,159.279,1384000,2.9,6.7,234.719,,,
2014-01-01,81.2,5984.658,0.07,1822.357,11578.8,159.365,1307000,2.9,6.6,235.288,,,
2014-02-01,81.6,5984.658,0.07,1817.035,11636.9,159.867,1341000,3.1,6.7,235.547,,,
2014-03-01,80,5984.658,0.08,1863.523,11722.3,161.184,1605000,3.1,6.7,236.028,,,
2014-04-01,84.1,6061.97,0.09,1864.263,11762.3,162.965,1291000,3.2,6.2,236.468,,,
2014-05-01,81.9,6061.97,0.09,1889.767,11807.3,164.68,1569000,3.3,6.3,236.918,,,
2014-06-01,82.5,6061.97,0.1,1947.088,11861.7,166.209,1254000,3.5,6.1,237.231,,,
2014-07-01,81.8,6135.647,0.09,1973.1,11904.4,167.132,1207000,3.4,6.2,237.498,,,
2014-08-01,82.5,6135.647,0.09,1961.532,11983.7,167.446,1510000,3.7,6.1,237.46,,,
2014-09-01,84.6,6135.647,0.09,1993.226,11991.4,167.237,1180000,3.4,5.9,237.477,,,
2014-10-01,86.9,6166.677,0.09,1937.274,12064.7,166.906,1155000,3.5,5.7,237.43,,,
2014-11-01,88.8,6166.677,0.09,2044.572,12083.9,166.654,1458000,3.3,5.8,236.983,,,
2014-12-01,93.6,6166.677,0.12,2054.266,12096.1,166.455,1138000,3.5,5.6,236.252,,,
2015-01-01,98.1,6222.207,0.11,2028.179,12066.7,166.244,1438000,3.7,5.7,234.747,,,
2015-02-01,95.4,6222.207,0.11,2082.196,12116.6,166.625,1205000,3.7,5.5,235.342,,,
2015-03-01,93,6222.207,0.11,2079.99,12176.1,168.083,1136000,3.6,5.4,235.976,,,
2015-04-01,95.9,6260.748,0.12,2094.863,12209.1,169.965,1144000,3.8,5.4,236.222,,,
2015-05-01,90.7,6260.748,0.12,2111.944,12275.4,171.846,1370000,3.8,5.6,237.001,,,
2015-06-01,96.1,6260.748,0.13,2099.284,12307.9,173.446,1095000,3.6,5.3,237.657,,,
2015-07-01,93.1,6285.806,0.13,2094.144,12364.9,174.492,1111000,4.1,5.2,238.034,,,
2015-08-01,91.9,6285.806,0.14,2039.866,12396.2,174.933,1376000,3.7,5.1,238.033,,,
2015-09-01,87.2,6285.806,0.14,1944.402,12386.4,175.039,1078000,3.7,5,237.498,,,
2015-10-01,90,6297.402,0.12,2024.813,12394.9,175.044,1335000,3.9,5,237.733,,,
2015-11-01,91.3,6297.402,0.12,2080.617,12423.2,175.135,1074000,3.8,5.1,238.017,,,
2015-12-01,92.6,6297.402,0.24,2054.08,12452,175.107,1084000,3.9,5,237.761,,,
2016-01-01,92,6333.897,0.34,1918.598,12478,175.027,1398000,4,4.8,237.652,,,
2016-02-01,91.7,6333.897,0.38,1904.418,12554.5,175.271,1067000,3.9,4.9,237.336,,,
2016-03-01,91,6333.897,0.36,2021.954,12537,176.594,1053000,4.1,5,238.08,,,
2016-04-01,89,6354.236,0.37,2075.535,12611.5,178.491,1330000,3.9,5.1,238.992,,,
2016-05-01,94.7,6354.236,0.37,2065.55,12652.7,180.34,1098000,3.9,4.8,239.557,,,
2016-06-01,93.5,6354.236,0.38,2083.891,12731.2,181.91,1061000,3.8,4.9,240.222,,,
2016-07-01,90,6399.313,0.39,2148.902,12756.7,183.011,1297000,4,4.8,240.101,,,
2016-08-01,89.8,6399.313,0.4,2177.482,12788.1,183.648,1054000,3.8,4.9,240.545,,,
2016-09-01,91.2,6399.313,0.4,2157.691,12846.6,183.936,1006000,3.9,5,241.176,,,
2016-10-01,87.2,6434.784,0.4,2143.021,12867,184.009,1279000,3.7,4.9,241.741,,,
2016-11-01,93.8,6434.784,0.41,2164.986,12893,184.221,983000,4,4.7,242.026,,,
2016-12-01,98.2,6434.784,0.54,2246.629,13005.9,184.393,1261000,3.9,4.7,242.637,,,
2017-01-01,98.5,6466.114,0.65,2275.116,13063.7,184.646,976000,3.7,4.7,243.618,,,
2017-02-01,96.3,6466.114,0.66,2329.911,13088.4,185.014,921000,3.9,4.6,244.006,,,
2017-03-01,96.9,6466.114,0.79,2366.822,13139.9,186.522,935000,3.8,4.4,243.892,,,
2017-04-01,97,6502.316,0.9,2359.309,13169.2,188.535,1139000,4,4.4,244.193,,,
2017-05-01,97.1,6502.316,0.91,2395.346,13171.9,190.531,956000,3.8,4.4,244.004,,,
2017-06-01,95,6502.316,1.04,2433.985,13225.2,192.258,992000,4.1,4.3,244.163,,,
2017-07-01,93.4,6553.589,1.15,2454.103,13263.3,193.504,1254000,4.1,4.3,244.243,,,
2017-08-01,96.8,6553.589,1.16,2456.223,13294.6,194.339,991000,4.1,4.4,245.183,,,
2017-09-01,95.1,6553.589,1.15,2492.841,13417.3,194.809,1362000,4.1,4.3,246.435,,,
2017-10-01,100.7,6627.451,1.15,2556.997,13447.5,195.075,969000,4.2,4.2,246.626,,,
2017-11-01,98.5,6627.451,1.16,2593.606,13540.6,195.441,991000,4.1,4.2,247.284,,,
2017-12-01,95.9,6627.451,1.3,2664.341,13666.1,195.838,1213000,4.1,4.1,247.805,,,
2018-01-01,95.7,6681.359,1.41,2789.804,13703.3,196.106,941000,4.3,4,248.859,,,
2018-02-01,99.7,6681.359,1.42,2705.155,13738.7,196.896,884000,4.2,4.1,249.529,,,
2018-03-01,101.4,6681.359,1.51,2702.774,13793.2,198.564,1129000,4.4,4,249.577,,,
2018-04-01,98.8,6716.825,1.69,2653.625,13838.4,200.605,886000,4.4,4,250.227,,,
2018-05-01,98,6716.825,1.7,2701.494,13905,202.442,885000,4.5,3.8,250.792,,,
2018-06-01,98.2,6716.825,1.82,2754.353,13930.4,204.033,1113000,4.6,4,251.018,,,
2018-07-01,97.9,6758.718,1.91,2793.643,13974.8,204.94,838000,4.6,3.8,251.214,,,
2018-08-01,96.2,6758.718,1.91,2857.82,14014,205.318,834000,4.6,3.8,251.663,,,
2018-09-01,100.1,6758.718,1.95,2901.501,14017.8,205.365,1026000,4.7,3.7,252.182,,,
2018-10-01,98.6,6768.291,2.19,2785.465,14083.1,205.361,852000,4.7,3.8,252.772,,,
2018-11-01,97.5,6768.291,2.2,2723.231,14162.9,205.099,901000,4.8,3.8,252.594,,,
2018-12-01,98.3,6768.291,2.27,2567.307,14051.6,204.689,1123000,4.8,3.9,252.767,,,
2019-01-01,91.2,6810.547,2.4,2607.39,14084.6,204.191,891000,4.8,4,252.561,,,
2019-02-01,93.8,6810.547,2.4,2754.864,14117.4,204.417,890000,4.5,3.8,253.319,,,
2019-03-01,98.4,6810.547,2.41,2803.984,14248.6,205.765,1059000,4.6,3.8,254.277,,,
2019-04-01,97.2,6867.425,2.42,2903.8,14290,207.679,839000,4.6,3.7,255.233,,,
2019-05-01,100,6867.425,2.39,2854.706,14353.3,209.343,874000,4.6,3.6,255.296,,,
2019-06-01,98.2,6867.425,2.38,2890.166,14408.7,210.578,1126000,4.6,3.6,255.213,,,
2019-07-01,98.4,6947.774,2.4,2996.114,14496,211.328,834000,4.5,3.7,255.802,,,
2019-08-01,89.8,6947.774,2.13,2897.45,14558.2,211.687,1055000,4.5,3.6,256.036,,,
2019-09-01,93.2,6947.774,2.04,2982.156,14590.6,211.865,838000,4.5,3.5,256.43,,,
2019-10-01,95.5,6995.149,1.83,2977.675,14617.4,211.958,849000,4.6,3.6,257.155,,,
2019-11-01,96.8,6995.149,1.55,3104.904,14711,212.096,1122000,4.3,3.6,257.879,,,
2019-12-01,99.3,6995.149,1.55,3176.75,14774.8,212.229,944000,4.2,3.6,258.63,,,
2020-01-01,99.8,6897.746,1.55,3278.203,14844.3,212.391,858000,4.5,3.6,258.906,,,
2020-02-01,101,6897.746,1.58,3277.314,14833.8,213.212,1044000,4.4,3.5,259.246,,,
2020-03-01,89.1,6897.746,0.65,2652.394,13810.5,215.186,9338000,3.8,4.4,258.15,,,
2020-04-01,71.8,6352.206,0.05,2761.975,12234.4,217.229,18653000,3.4,14.8,256.126,,,
2020-05-01,72.3,6352.206,0.05,2919.608,13251.7,218.476,10867000,4,13.2,255.848,,,
2020-06-01,78.1,6352.206,0.08,3104.661,14040.8,219.804,5961000,4.3,11,257.004,,,
2020-07-01,72.5,6849.598,0.09,3207.619,14303.8,221.564,5534000,4.5,10.2,258.408,,,
2020-08-01,74.1,6849.598,0.1,3391.71,14454.9,224.047,4612000,4.3,8.4,259.366,,,
2020-09-01,80.4,6849.598,0.09,3365.517,14675.4,226.8,3407000,4.4,7.8,259.951,,,
2020-10-01,81.8,6923.897,0.09,3418.7,14726,229.812,3977000,4.6,6.8,260.249,,,
2020-11-01,76.9,6923.897,0.09,3548.992,14704.9,232.316,3005000,4.6,6.7,260.895,,,
2020-12-01,80.7,6923.897,0.09,3695.31,14827.3,234.364,3347000,4.5,6.7,262.005,,,
2021-01-01,79,7019.46,0.09,3793.748,15081.5,236.434,4139000,4.8,6.4,262.518,,,
2021-02-01,76.8,7019.46,0.08,3883.432,14984.4,239.211,3020000,5.2,6.2,263.583,,,
2021-03-01,84.9,7019.46,0.07,3910.508,15712.4,244.205,2677000,5.6,6.1,264.91,,,
2021-04-01,88.3,7129.668,0.07,4141.176,15915,249.811,2356000,6,6.1,266.752,,,
2021-05-01,82.9,7129.668,0.06,4167.85,15950.5,255.435,2346000,6.4,5.8,268.452,,,
2021-06-01,85.5,7129.668,0.08,4238.49,16183.6,261.161,1642000,6.6,5.9,270.664,,,
2021-07-01,81.2,7190.474,0.1,4363.713,16223.5,265.5,1859000,7,5.4,271.994,,,
2021-08-01,70.3,7190.474,0.09,4454.206,16390.6,268.776,1442000,6.9,5.1,272.789,,,
2021-09-01,72.8,7190.474,0.08,4445.543,16477.5,271.43,1418000,6.9,4.7,273.887,,,
2021-10-01,71.7,7320.129,0.08,4460.707,16694,273.639,1426000,7.1,4.5,276.434,,,
2021-11-01,67.4,7320.129,0.08,4667.387,16849,276.009,944000,7,4.1,278.799,,,
2021-12-01,70.6,7320.129,0.08,4674.773,16905.5,278.58,844000,7.1,3.9,280.808,,,
2022-01-01,67.2,7301.283,0.08,4573.816,17017.8,281.952,1183000,7,4,282.39,,,
2022-02-01,62.8,7301.283,0.08,4435.981,17136.1,287.169,871000,7.2,3.8,284.535,,,
2022-03-01,59.4,7301.283,0.2,4391.265,17371.4,294.977,853000,7.4,3.6,287.553,,,
2022-04-01,65.2,7306.407,0.33,4391.296,17493.8,301.617,1066000,7.2,3.7,288.764,,,
2022-05-01,58.4,7306.407,0.77,4040.36,17569.9,306.391,843000,7,3.6,291.359,,,
2022-06-01,50,7306.407,1.21,3898.947,17747.6,308.184,858000,6.9,3.6,294.996,,,
2022-07-01,51.5,7355.595,1.68,3911.73,17744,307.017,1097000,7,3.5,294.977,,,
2022-08-01,58.2,7355.595,2.33,4158.563,17897.5,303.592,867000,6.2,3.6,295.209,,,
2022-09-01,58.6,7355.595,2.56,3850.52,17987.2,300.432,791000,6.6,3.5,296.341,,,
2022-10-01,59.9,7416.486,3.08,3726.051,18096.2,298.661,1014000,6.4,3.6,297.863,,,
2022-11-01,56.7,7416.486,3.78,3917.489,18094,296.855,840000,6.5,3.6,298.648,,,
2022-12-01,59.8,7416.486,4.1,3912.381,18134.6,294.342,1042000,6.7,3.5,298.812,,,
2023-01-01,64.9,7467.812,4.33,3960.657,18475.2,292.836,811000,6.3,3.4,300.356,,,
2023-02-01,66.9,7467.812,4.57,4079.685,18532.1,293.61,854000,6,3.6,301.509,,,
2023-03-01,62,7467.812,4.65,3968.559,18511.3,297.552,908000,5.8,3.5,301.744,,,
2023-04-01,63.7,7513.139,4.83,4121.467,18638.7,301.683,1083000,6,3.4,303.032,,,
2023-05-01,59,7513.139,5.06,4146.173,18676.4,305.555,908000,5.6,3.7,303.365,,,
2023-06-01,64.2,7513.139,5.08,4345.373,18742.1,308.507,1014000,5.5,3.6,304.003,,,
2023-07-01,71.5,7593.644,5.12,4508.076,18850.5,310.421,1182000,5.3,3.5,304.628,,,
2023-08-01,69.4,7593.644,5.33,4457.359,18911.6,311.784,981000,5.6,3.8,306.187,,,
2023-09-01,67.8,7593.644,5.33,4409.095,19024.9,312.633,1094000,5.6,3.8,307.288,,,
2023-10-01,63.8,7653.533,5.33,4269.401,19069.5,312.992,842000,5.2,3.8,307.531,,,
2023-11-01,61.3,7653.533,5.33,4460.063,19151,312.235,870000,5.4,3.7,308.024,,,
2023-12-01,69.7,7653.533,5.33,4685.052,19289.9,311.053,1039000,5.3,3.7,308.742,,,
2024-01-01,79,7684.515,5.33,4804.491,19308.5,310.883,838000,5.3,3.7,309.685,,,
2024-02-01,76.9,7684.515,5.33,5011.962,19412.7,312.799,837000,5.3,3.9,311.054,,,
2024-03-01,79.4,7684.515,5.33,5170.573,19553.2,316.972,1068000,5,3.8,312.23,,,
2024-04-01,77.2,7741.302,5.33,5112.493,19603.3,320.885,841000,4.8,3.9,313.207,,,
2024-05-01,69.1,7741.302,5.33,5235.225,19697.3,323.859,892000,4.9,4,313.225,,,
2024-06-01,68.2,7741.302,5.33,5415.141,19747.5,325.436,1184000,4.8,4.1,313.049,,,
2024-07-01,66.4,7795.416,5.33,5538.005,19862.9,325.461,953000,4.6,4.3,313.534,,,
2024-08-01,67.9,7795.416,5.33,5478.215,19918.4,325.025,1155000,4.7,4.2,314.121,,,
2024-09-01,70.1,7795.416,5.13,5621.261,20024.3,,897000,4.5,4.1,314.686,314.121,,
2024-10-01,,,4.83,5792.32,,,948000,,4.1,315.454,314.686,,
2024-11-01,,,,,,,,,,,315.454,314.686,314.121